OBJECTID;LPA19CD;LPA CODE;LPA19NM;EMAIL;DOMAIN;LPA ONBOARDED\n
;E07000151;Y2810;Daventry District Council;plancare@daventrydc.gov.uk;daventrydc.gov.uk;TRUE\n
1;E60000001;X1355;County Durham;planning@durham.gov.uk;durham.gov.uk;TRUE\n
2;E60000002;N1350;Darlington;planning.enquiries@darlington.gov.uk;darlington.gov.uk;TRUE\n
3;E60000003;H0724;Hartlepool;developmentcontrol@hartlepool.gov.uk;hartlepool.gov.uk;TRUE\n
4;E60000004;W0734;Middlesbrough;developmentcontrol@middlesbrough.gov.uk;middlesbrough.gov.uk;TRUE\n
5;E60000005;P2935;Northumberland;planning@northumberland.gov.uk;northumberland.gov.uk;TRUE\n
6;E60000006;V0728;Redcar and Cleveland;planning_admin@redcar-cleveland.gov.uk;redcar-cleveland.gov.uk;TRUE\n
7;E60000007;H0738;Stockton on Tees;planning.administration@stockton.gov.uk;stockton.gov.uk;TRUE\n
8;E60000008;H4505;Gateshead;planning@gateshead.gov.uk;gateshead.gov.uk;TRUE\n
9;E60000009;M4510;Newcastle upon Tyne;planning.appeals@newcastle.gov.uk;newcastle.gov.uk;TRUE\n
10;E60000010;W4515;North Tyneside;development.control@northtyneside.gov.uk;my.northtyneside.gov.uk;TRUE\n
11;E60000011;A4520;South Tyneside;planningapplications@southtyneside.gov.uk;southtyneside.gov.uk;TRUE\n
12;E60000012;J4525;Sunderland;dc@sunderland.gov.uk;sunderland.gov.uk;TRUE\n
13;E60000013;M2372;Blackburn with Darwen;planning@blackburn.gov.uk;blackburn.gov.uk;TRUE\n
14;E60000014;J2373;Blackpool;planning@blackpool.gov.uk;blackpool.gov.uk;TRUE\n
15;E60000015;R0660;Cheshire East;planningappeals@cheshireeast@gov.uk;cheshireeast.gov.uk;TRUE\n
16;E60000016;A0665;Cheshire West and Chester;planning.appeals@cheshirewestandchester.gov.uk;cheshirewestandchester.gov.uk;TRUE\n
17;E60000017;D0650;Halton;dev.control@halton.gov.uk;halton-borough.gov.uk;TRUE\n
18;E60000018;M0655;Warrington;devcontrol@warrington.gov.uk;warrington.gov.uk;TRUE\n
19;E60000019;G0908;Allerdale;planning@allerdale.gov.uk;allerdale.gov.uk;TRUE\n
20;E60000020;W0910;Barrow in Furness;planningapp@barrowbc.gov.uk;barrowbc.gov.uk;TRUE\n
21;E60000021;E0915;Carlisle;EDAdmin@carlisle.gov.uk;carlisle.gov.uk;TRUE\n
22;E60000022;Z0923;Copeland;devcontrol@copeland.gov.uk;copeland.gov.uk;TRUE\n
23;E60000023;H0928;Eden;planning.services@eden.gov.uk;eden.gov.uk;TRUE\n
24;E60000024;M0933;South Lakeland;development.management@southlakeland.gov.uk;southlakeland.gov.uk;TRUE\n
25;E60000025;N4205;Bolton;planning.control@bolton.gov.uk;bolton.gov.uk;TRUE\n
26;E60000026;T4210;Bury;planningappeals@bury.gov.uk;bury.gov.uk;TRUE\n
27;E60000027;B4215;Manchester;planning@manchester.gov.uk;manchester.gov.uk;TRUE\n
28;E60000028;W4223;Oldham;planning@oldham.gov.uk;oldham.gov.uk;TRUE\n
29;E60000029;P4225;Rochdale;development.management@rochdale.gov.uk;rochdale.gov.uk;TRUE\n
30;E60000030;U4230;Salford;planning.contact@salford.gov.uk;salford.gov.uk;TRUE\n
31;E60000031;C4235;Stockport;planningappeals@stockport.gov.uk;stockport.gov.uk;TRUE\n
32;E60000032;G4240;Tameside;planningmail@tameside.gov.uk;tameside.gov.uk;TRUE\n
33;E60000033;Q4245;Trafford;appeals.planning@trafford.gov.uk;trafford.gov.uk;TRUE\n
34;E60000034;V4250;Wigan;planning@wigan.gov.uk;wigan.gov.uk;TRUE\n
35;E60000035;Z2315;Burnley;planning@burnley.gov.uk;burnley.gov.uk;TRUE\n
36;E60000036;D2320;Chorley;dcon@chorley.gov.uk;chorley.gov.uk;TRUE\n
37;E60000037;M2325;Fylde;planning@fylde.gov.uk;fylde.gov.uk;TRUE\n
38;E60000038;R2330;Hyndburn;planning@hyndburnbc.gov.uk;hyndburnbc.gov.uk;TRUE\n
39;E60000039;A2335;Lancaster;developmentcontrol@lancaster.gov.uk;lancaster.gov.uk;TRUE\n
40;E60000040;E2340;Pendle;planning@pendle.gov.uk;pendle.gov.uk;TRUE\n
41;E60000041;N2345;Preston;devcon@preston.gov.uk;preston.gov.uk;TRUE\n
42;E60000042;T2350;Ribble Valley;planningappeals@ribblevalley.gov.uk;ribblevalley.gov.uk;TRUE\n
43;E60000043;B2355;Rossendale;planningappeals@rossendalebc.gov.uk;rossendalebc.gov.uk;TRUE\n
44;E60000044;F2360;South Ribble;planning@southribble.gov.uk;southribble.gov.uk;TRUE\n
45;E60000045;P2365;West Lancashire;plan.appeals@westlancs.gov.uk;westlancs.gov.uk;TRUE\n
46;E60000046;U2370;Wyre;planning@wyre.gov.uk;wyre.gov.uk;TRUE\n
47;E60000047;V4305;Knowsley;dcconsultations@knowsley.gov.uk;knowsley.gov.uk;TRUE\n
48;E60000048;Z4310;Liverpool;planningandbuildingcontrol@liverpool.gov.uk;liverpool.gov.uk;TRUE\n
49;E60000049;M4320;Sefton;planning.appeals@sefton.gov.uk;sefton.gov.uk;TRUE\n
50;E60000050;H4315;St. Helens Metropolitan Borough Council;planning@sthelens.gov.uk;sthelens.gov.uk;TRUE\n
51;E60000051;W4325;Wirral;appeals@wirral.gov.uk;wirral.gov.uk;TRUE\n
52;E60000052;E2001;East Riding of Yorkshire;planning.appeals@eastriding.gov.uk;eastriding.gov.uk;TRUE\n
53;E60000053;V2004;Kingston upon Hull City of;dev.control@hullcc.gov.uk;hullcc.gov.uk;TRUE\n
54;E60000054;B2002;North East Lincolnshire;Planning@nelincs.gov.uk;nelincs.gov.uk;TRUE\n
55;E60000055;Y2003;North Lincolnshire;planning@northlincs.gov.uk;northlincs.gov.uk;TRUE\n
56;E60000056;C2741;York;planning.appeals@york.gov.uk;york.gov.uk;TRUE\n
57;E60000057;C2708;Craven;planningappeals@cravendc.gov.uk;cravendc.gov.uk;TRUE\n
58;E60000058;G2713;Hambleton;planningappeals@hambleton.gov.uk;hambleton.gov.uk;TRUE\n
59;E60000059;E2734;Harrogate;planning.appeals@harrogate.gov.uk;harrogate.gov.uk;TRUE\n
60;E60000060;V2723;Richmondshire;PlanningAppeals@richmondshire.gov.uk;richmondshire.gov.uk;TRUE\n
61;E60000061;Y2736;Ryedale;dc@ryedale.gov.uk;ryedale.gov.uk;TRUE\n
62;E60000062;H2733;Scarborough;planning.services@scarborough.gov.uk;scarborough.gov.uk;TRUE\n
63;E60000063;N2739;Selby;planningappeals@selby.gov.uk;selby.gov.uk;TRUE\n
64;E60000064;R4408;Barnsley;developmentcontrol@barnsley.gov.uk;barnsley.gov.uk;TRUE\n
65;E60000065;F4410;Doncaster;tsi@doncaster.gov.uk;doncaster.gov.uk;TRUE\n
66;E60000066;P4415;Rotherham;development.control@rotherham.gov.uk;rotherham.gov.uk;TRUE\n
67;E60000067;J4423;Sheffield;InspectoratePlanningAppeals@sheffield.gov.uk;sheffield.gov.uk;TRUE\n
68;E60000068;W4705;Bradford;appealsplanning@bradford.gov.uk;bradford.gov.uk;TRUE\n
69;E60000069;A4710;Calderdale;planningappeals@calderdale.gov.uk;calderdale.gov.uk;TRUE\n
70;E60000070;Z4718;Kirklees;dc.admin@kirklees.gov.uk;kirklees.gov.uk;TRUE\n
71;E60000071;N4720;Leeds;planning.appeals@leeds.gov.uk;leeds.gov.uk;TRUE\n
72;E60000072;X4725;Wakefield;appeals@wakefield.gov.uk;wakefield.gov.uk;TRUE\n
73;E60000073;C1055;Derby;pins.correspondence@derby.gov.uk;derby.gov.uk;TRUE\n
74;E60000074;W2465;Leicester;planning@leicester.gov.uk;leicester.gov.uk;TRUE\n
75;E60000075;Q3060;Nottingham;development.control@nottinghamcity.gov.uk;nottinghamcity.gov.uk;TRUE\n
76;E60000076;A2470;Rutland;planningappeals@rutland.gov.uk;rutland.gov.uk;TRUE\n
77;E60000077;M1005;Amber Valley;planningappeals@ambervalley.gov.uk;ambervalley.gov.uk;TRUE\n
78;E60000078;R1010;Bolsover;dev.control@bolsover.gov.uk;bolsover.gov.uk;TRUE\n
79;E60000079;A1015;Chesterfield;planning@chesterfield.gov.uk;chesterfield.gov.uk;TRUE\n
80;E60000080;P1045;Derbyshire Dales;planning@derbyshiredales.gov.uk;derbyshiredales.gov.uk;TRUE\n
81;E60000081;N1025;Erewash;planning@erewash.gov.uk;erewash.gov.uk;TRUE\n
82;E60000082;H1033;High Peak;planning@highpeak.gov.uk;highpeak.gov.uk;TRUE\n
83;E60000083;R1038;North East Derbyshire;developmentcontrol@ne-derbyshire.gov.uk;ne-derbyshire.gov.uk;TRUE\n
84;E60000084;F1040;South Derbyshire;Planning@southderbyshire.gov.uk;southderbyshire.gov.uk;TRUE\n
85;E60000085;T2405;Blaby;planning@blaby.gov.uk;blaby.gov.uk;TRUE\n
86;E60000086;X2410;Charnwood;development.control@charnwood.gov.uk;charnwood.gov.uk;TRUE\n
87;E60000087;F2415;Harborough;planning@harborough.gov.uk;harborough.gov.uk;TRUE\n
88;E60000088;K2420;Hinckley and Bosworth;planningappeal@hinckley-bosworth.gov.uk;hinckley-bosworth.gov.uk;TRUE\n
89;E60000089;Y2430;Melton;externaldevelopmentcontrol@melton.gov.uk;melton.gov.uk;TRUE\n
90;E60000090;G2435;North West Leicestershire;development.control@nwleicestershire.gov.uk;nwleicestershire.gov.uk;TRUE\n
91;E60000091;L2440;Oadby and Wigston;planning@oadby-wigston.gov.uk;oadby-wigston.gov.uk;TRUE\n
92;E60000092;Z2505;Boston;Planning@boston.gov.uk;boston.gov.uk;TRUE\n
93;E60000093;D2510;East Lindsey;planning.appeals@e-lindsey.gov.uk;e-lindsey.gov.uk;TRUE\n
;E60000094;M2515;City of Lincoln Council;developmentteam@lincoln.gov.uk;lincoln.gov.uk;TRUE\n
94;Q2500;Q2500;Lincolnshire County Council;dev_pcg@lincolnshire.gov.uk;lincolnshire.gov.uk;TRUE\n
95;E60000095;R2520;North Kesteven;planning@n-kesteven.gov.uk;n-kesteven.gov.uk;TRUE\n
96;E60000096;A2525;South Holland;planningadvice@sholland.gov.uk;sholland.gov.uk;TRUE\n
97;E60000097;E2530;South Kesteven;Planning@southkesteven.gov.uk;southkesteven.gov.uk;TRUE\n
98;E60000098;N2535;West Lindsey;Planning.Customer.Care@west-lindsey.gov.uk;west-lindsey.gov.uk;TRUE\n
99;E60000106;W3005;Ashfield;planning.admin@ashfield-dc.gov.uk;ashfield-dc.gov.uk;TRUE\n
100;E60000107;A3010;Bassetlaw;planning.appeal@bassetlaw.gov.uk;bassetlaw.gov.uk;TRUE\n
101;E60000108;J3015;Broxtowe;planningappeals@broxtowe.gov.uk;broxtowe.gov.uk;TRUE\n
102;E60000109;N3020;Gedling;PandEServiceSupport@gedling.gov.uk;gedling.gov.uk;TRUE\n
103;E60000110;X3025;Mansfield;pbc@mansfield.gov.uk;mansfield.gov.uk;TRUE\n
104;E60000111;B3030;Newark and Sherwood;planningappeals@newark-sherwooddc.gov.uk;newark-sherwooddc.gov.uk;TRUE\n
105;E60000112;P3040;Rushcliffe;developmentcontrol@rushcliffe.gov.uk;rushcliffe.gov.uk;TRUE\n
106;E60000113;W1850;Herefordshire, County of;planning_enquiries@herefordshire.gov.uk;herefordshire.gov.uk;TRUE\n
107;E60000114;L3245;Shropshire;appeals@shropshire.gov.uk;shropshire.gov.uk;TRUE\n
108;E60000115;M3455;Stoke-on-Trent;planning@stoke.gov.uk;stoke.gov.uk;TRUE\n
109;E60000116;C3240;Telford and Wrekin;planningappeals@telford.gov.uk;telford.gov.uk;TRUE\n
110;E60000117;X3405;Cannock Chase;developmentcontrol@cannockchasedc.gov.uk;cannockchasedc.gov.uk;TRUE\n
111;E60000118;B3410;East Staffordshire;dcsupport@eaststaffsbc.gov.uk;eaststaffsbc.gov.uk;TRUE\n
112;E60000119;K3415;Lichfield;appeals@lichfielddc.gov.uk;lichfielddc.gov.uk;TRUE\n
113;E60000120;P3420;Newcastle under Lyme;planningapplications@newcastle-staffs.gov.uk;newcastle-staffs.gov.uk;TRUE\n
114;E60000121;C3430;South Staffordshire;dcapps@sstaffs.gov.uk;sstaffs.gov.uk;TRUE\n
115;E60000122;Y3425;Stafford;planning@staffordbc.gov.uk;staffordbc.gov.uk;TRUE\n
116;E60000123;B3438;Staffordshire Moorlands;planning@staffsmoorlands.gov.uk;staffsmoorlands.gov.uk;TRUE\n
117;E60000124;Z3445;Tamworth;planningadmin@tamworth.gov.uk;tamworth.gov.uk;TRUE\n
118;E60000125;R3705;North Warwickshire;planningcontrol@northwarks.gov.uk;northwarks.gov.uk;TRUE\n
119;E60000126;W3710;Nuneaton and Bedworth;planning@nuneatonandbedworth.gov.uk;nuneatonandbedworth.gov.uk;TRUE\n
120;E60000127;E3715;Rugby;planningappeals@rugby.gov.uk;rugby.gov.uk;TRUE\n
121;E60000128;J3720;Stratford-on-Avon;planning.appeals@stratford-dc.gov.uk;stratford-dc.gov.uk;TRUE\n
122;E60000129;T3725;Warwick;planning_appeals@warwickdc.gov.uk;warwickdc.gov.uk;TRUE\n
123;E60000130;P4605;Birmingham;planning.appeals@birmingham.gov.uk;birmingham.gov.uk;TRUE\n
124;E60000131;U4610;Coventry;planning@coventry.gov.uk;coventry.gov.uk;TRUE\n
125;E60000132;C4615;Dudley;development.control@dudley.gov.uk;dudley.gov.uk;TRUE\n
126;E60000133;G4620;Sandwell;planning@sandwell.gov.uk;sandwell.gov.uk;TRUE\n
127;E60000134;Q4625;Solihull;planningenforcement@solihull.gov.uk;solihull.gov.uk;TRUE\n
128;E60000135;V4630;Walsall;planningservices@walsall.gov.uk;walsall.gov.uk;TRUE\n
129;E60000136;D4635;Wolverhampton;planning.appeals@wolverhampton.gov.uk;wolverhampton.gov.uk;TRUE\n
130;E60000137;P1805;Bromsgrove;newplan@bromsgroveandredditch.gov.uk;bromsgroveandredditch.gov.uk;TRUE\n
131;E60000138;J1860;Malvern Hills;planningappeals@malvernhills.gov.uk;malvernhills.gov.uk;TRUE\n
132;E60000139;Q1825;Redditch;newplan@bromsgroveandredditch.gov.uk;bromsgroveandredditch.gov.uk;TRUE\n
133;E60000140;D1835;Worcester;planning@worcester.gov.uk;worcester.gov.uk;TRUE\n
134;E60000141;H1840;Wychavon;Planning.Appeals@wychavon.gov.uk;wychavon.gov.uk;TRUE\n
135;E60000142;R1845;Wyre Forest;planning.admin@wyreforestdc.gov.uk;wyreforestdc.gov.uk;TRUE\n
136;E60000143;K0235;Bedford;planningappeals@bedford.gov.uk;bedford.gov.uk;TRUE\n
137;E60000144;P0240;Central Bedfordshire;planning.appeals@centralbedfordshire.gov.uk;centralbedfordshire.gov.uk;TRUE\n
138;E60000145;B0230;Luton;dcappeals@luton.gov.uk;luton.gov.uk;TRUE\n
139;E60000146;J0540;Peterborough;planningappeals@peterborough.gov.uk;peterborough.gov.uk;TRUE\n
140;E60000147;D1590;Southend-on-Sea;planningappeal@southend.gov.uk;southend.gov.uk;TRUE\n
141;E60000148;M1595;Thurrock;plan.appeals@thurrock.gov.uk;thurrock.gov.uk;TRUE\n
142;E60000149;Q0505;Cambridge;asappeals@cambridge.gov.uk;cambridge.gov.uk;TRUE\n
143;E60000150;V0510;East Cambridgeshire;appeals@eastcambs.gov.uk;eastcambs.gov.uk;TRUE\n
144;E60000151;D0515;Fenland;planningappeals@fenland.gov.uk;fenland.gov.uk;TRUE\n
145;E60000152;H0520;Huntingdonshire;planning.appeals@huntingdonshire.gov.uk;huntingdonshire.gov.uk;TRUE\n
146;E60000153;W0530;South Cambridgeshire;DSAppeals@scambs.gov.uk;scambs.gov.uk;TRUE\n
147;E60000154;V1505;Basildon;appeals@basildon.gov.uk;basildon.gov.uk;TRUE\n
148;E60000155;Z1510;Braintree;appeals@braintree.gov.uk;braintree.gov.uk;TRUE\n
149;E60000156;H1515;Brentwood;planning@brentwood.gov.uk;brentwood.gov.uk;TRUE\n
150;E60000157;M1520;Castle Point;planning@castlepoint.gov.uk;castlepoint.gov.uk;TRUE\n
151;E60000158;W1525;Chelmsford;planning.appeals@chelmsford.gov.uk;chelmsford.gov.uk;TRUE\n
152;E60000159;A1530;Colchester;planning.services@colchester.gov.uk;colchester.gov.uk;TRUE\n
153;E60000160;J1535;Epping Forest;appealsadmin@eppingforestdc.gov.uk;eppingforestdc.gov.uk;TRUE\n
154;E60000161;N1540;Harlow;planning.services@harlow.gov.uk;harlow.gov.uk;TRUE\n
155;E60000162;X1545;Maldon;dc.planning@maldon.gov.uk;maldon.gov.uk;TRUE\n
156;E60000163;B1550;Rochford;planning.appeals@rochford.gov.uk;rochford.gov.uk;TRUE\n
157;E60000164;P1560;Tendring;appeals.planningservices@tendringdc.gov.uk;tendringdc.gov.uk;TRUE\n
158;E60000165;C1570;Uttlesford;planning@uttlesford.gov.uk;uttlesford.gov.uk;TRUE\n
159;E60000166;W1905;Broxbourne;planning@broxbourne.gov.uk;broxbourne.gov.uk;TRUE\n
160;E60000167;A1910;Dacorum;planning@dacorum.gov.uk;dacorum.gov.uk;TRUE\n
161;E60000168;J1915;East Hertfordshire;planning@eastherts.gov.uk;eastherts.gov.uk;TRUE\n
162;E60000169;N1920;Hertsmere;appeals.planning@Hertsmere.gov.uk;Hertsmere.gov.uk;TRUE\n
163;E60000170;X1925;North Hertfordshire;planning.appeals@north-herts.gov.uk;north-herts.gov.uk;TRUE\n
164;E60000171;B1930;St Albans;pins.appeals@stalbans.gov.uk;stalbans.gov.uk;TRUE\n
165;E60000172;K1935;Stevenage;planning@stevenage.gov.uk;stevenage.gov.uk;TRUE\n
166;E60000173;P1940;Three Rivers;trdc.appeals@threerivers.gov.uk;threerivers.gov.uk;TRUE\n
167;E60000174;Y1945;Watford;developmentcontrol@watford.gov.uk;watford.gov.uk;TRUE\n
168;E60000175;C1950;Welwyn Hatfield;planningappeals@welhat.gov.uk;welhat.gov.uk;TRUE\n
169;E60000176;F2605;Breckland;planning@breckland.gov.uk;breckland.gov.uk;TRUE\n
170;E60000177;K2610;Broadland;planning.administration@broadland.gov.uk;broadland.gov.uk;TRUE\n
171;E60000178;U2615;Great Yarmouth;plan@great-yarmouth.gov.uk;great-yarmouth.gov.uk;TRUE\n
172;E60000179;V2635;King's Lynn and West Norfolk;borough.planning@west-norfolk.gov.uk;west-norfolk.gov.uk;TRUE\n
173;E60000180;Y2620;North Norfolk;planning-appeals@north-norfolk.gov.uk;north-norfolk.gov.uk;TRUE\n
174;E60000181;G2625;Norwich;planning@norwich.gov.uk;norwich.gov.uk;TRUE\n
175;E60000182;L2630;South Norfolk;Planning.snc@southnorfolkandbroadland.gov.uk;southnorfolkandbroadland.gov.uk;TRUE\n
176;E60000183;D3505;Babergh and Mid Suffolk District Council;planning@baberghmidsuffolk.gov.uk;baberghmidsuffolk.gov.uk;TRUE\n
177;E60000184;X3540;East Suffolk;appeals@eastsuffolk.gov.uk;eastsuffolk.gov.uk;TRUE\n
178;E60000185;R3515;Ipswich;development.management@ipswich.gov.uk;ipswich.gov.uk;TRUE\n
180;E60000187;F3545;West Suffolk;planning.helpdesk@westsuffolk.gov.uk;westsuffolk.gov.uk;TRUE\n
181;E60000188;X5210;Camden;planning.appeals@camden.gov.uk;camden.gov.uk;TRUE\n
182;E60000189;K5030;City of London;plans@cityoflondon.gov.uk;cityoflondon.gov.uk;TRUE\n
183;E60000190;U5360;Hackney;planningappeals@hackney.gov.uk;hackney.gov.uk;TRUE\n
184;E60000191;H5390;Hammersmith and Fulham;planningappeals@lbhf.gov.uk;lbhf.gov.uk;TRUE\n
185;E60000192;Y5420;Haringey;planning.appeals@haringey.gov.uk;haringey.gov.uk;TRUE\n
186;E60000193;V5570;Islington;planningappeals@islington.gov.uk;islington.gov.uk;TRUE\n
187;E60000194;K5600;Kensington and Chelsea;planningappeals@rbkc.gov.uk;rbkc.gov.uk;TRUE\n
188;E60000195;N5660;Lambeth;planningappeals@lambeth.gov.uk;beta.lambeth.gov.uk;TRUE\n
189;E60000196;C5690;Lewisham;planning@lewisham.gov.uk;lewisham.gov.uk;TRUE\n
190;E60000197;G5750;Newham;planning.appeals@newham.gov.uk;newham.gov.uk;TRUE\n
191;E60000198;A5840;Southwark;planning.appeals@southwark.gov.uk;southwark.gov.uk;TRUE\n
192;E60000199;E5900;Tower Hamlets;development.control@towerhamlets.gov.uk;towerhamlets.gov.uk;TRUE\n
193;E60000200;H5960;Wandsworth;planningappeals@wandsworth.gov.uk;wandsworth.gov.uk;TRUE\n
194;E60000201;X5990;Westminster;planningappeals@westminster.gov.uk;westminster.gov.uk;TRUE\n
195;E60000202;Z5060;Barking and Dagenham;Planning@lbbd.gov.uk;lbbd.gov.uk;TRUE\n
196;E60000203;N5090;Barnet;planning.appeals@barnet.gov.uk;barnet.gov.uk;TRUE\n
197;E60000204;D5120;Bexley;planningappeals@bexley.gov.uk;bexley.gov.uk;TRUE\n
198;E60000205;T5150;Brent;appeals@brent.gov.uk;brent.gov.uk;TRUE\n
199;E60000206;G5180;Bromley;planningappeals@bromley.gov.uk;bromley.gov.uk;TRUE\n
200;E60000207;L5240;Croydon;planning.appeals@croydon.gov.uk;croydon.gov.uk;TRUE\n
201;E60000208;A5270;Ealing;planning@ealing.gov.uk;ealing.gov.uk;TRUE\n
202;E60000209;Q5300;Enfield;planning.appeals@enfield.gov.uk;enfield.gov.uk;TRUE\n
203;E60000210;E5330;Greenwich;planning-enforcement@royalgreenwich.gov.uk;royalgreenwich.gov.uk;TRUE\n
204;E60000211;M5450;Harrow;planningappeals@harrow.gov.uk;harrow.gov.uk;TRUE\n
205;E60000212;B5480;Havering;planning_appeals@havering.gov.uk;havering.gov.uk;TRUE\n
206;E60000213;R5510;Hillingdon;PlanningAppeals@Hillingdon.gov.uk;hillingdon.gov.uk;TRUE\n
207;E60000214;F5540;Hounslow;planningappeals@hounslow.gov.uk;hounslow.gov.uk;TRUE\n
208;E60000215;Z5630;Kingston upon Thames;planning.appeals@kingston.gov.uk;kingston.gov.uk;TRUE\n
209;E60000216;T5720;Merton;planning.appeals@merton.gov.uk;merton.gov.uk;TRUE\n
210;E60000217;W5780;Redbridge;planning.appeals@redbridge.gov.uk;redbridge.gov.uk;TRUE\n
211;E60000218;L5810;Richmond upon Thames;Richmondplanningappeals@richmondandwandsworth.gov.uk;richmondandwandsworth.gov.uk;TRUE\n
212;E60000219;P5870;Sutton;developmentcontrol@sutton.gov.uk;sutton.gov.uk;TRUE\n
213;E60000220;U5930;Waltham Forest;planningappeals@walthamforest.gov.uk;walthamforest.gov.uk;TRUE\n
214;E60000221;R0335;Bracknell Forest;development.control@bracknell-forest.gov.uk;bracknell-forest.gov.uk;TRUE\n
215;E60000222;Q1445;Brighton and Hove;planning.appeals@brighton-hove.gov.uk;brighton-hove.gov.uk;TRUE\n
216;E60000223;P2114;Isle of Wight;planning.appeals@iow.gov.uk;iow.gov.uk;TRUE\n
217;E60000224;A2280;Medway;planningappeals@medway.gov.uk;medway.gov.uk;TRUE\n
218;E60000225;Y0435;Milton Keynes;dcappeals@milton-keynes.gov.uk;milton-keynes.gov.uk;TRUE\n
219;E60000226;Z1775;Portsmouth;planningapps@portsmouthcc.gov.uk;portsmouthcc.gov.uk;TRUE\n
220;E60000227;E0345;Reading;plgadmin@reading.gov.uk;reading.gov.uk;TRUE\n
221;E60000228;J0350;Slough;planning@slough.gov.uk;slough.gov.uk;TRUE\n
222;E60000229;D1780;Southampton;planning.appeal@southampton.gov.uk;southampton.gov.uk;TRUE\n
223;E60000230;W0340;West Berkshire;appeals@westberks.gov.uk;westberks.gov.uk;TRUE\n
224;E60000231;T0355;Windsor and Maidenhead;planning.appeals@rbwm.gov.uk;rbwm.gov.uk;TRUE\n
225;E60000232;X0360;Wokingham;planning.appeals@wokingham.gov.uk;wokingham.gov.uk;TRUE\n
226;E60000237;T1410;Eastbourne;planning@lewes-eastbourne.gov.uk;lewes-eastbourne.gov.uk;TRUE\n
227;E60000238;B1415;Hastings;dcenquiries@hastings.gov.uk;hastings.gov.uk;TRUE\n
228;E60000239;P1425;Lewes;planning@lewes.gov.uk;lewes.gov.uk;TRUE\n
229;E60000240;U1430;Rother District Council;Planning-Appeals@rother.gov.uk;rother.gov.uk;TRUE\n
230;E60000241;C1435;Wealden;planning.appeals@wealden.gov.uk;wealden.gov.uk;TRUE\n
231;E60000242;H1705;Basingstoke and Deane;appeals@basingstoke.gov.uk;basingstoke.gov.uk;TRUE\n
232;E60000243;M1710;East Hampshire;planning.appeals@easthants.gov.uk;easthants.gov.uk;TRUE\n
233;E60000244;W1715;Eastleigh;ebcplanningsupport@eastleigh.gov.uk;eastleigh.gov.uk;TRUE\n
234;E60000245;A1720;Fareham;devcontrol@fareham.gov.uk;fareham.gov.uk;TRUE\n
235;E60000246;J1725;Gosport;planning@gosport.gov.uk;gosport.gov.uk;TRUE\n
236;E60000247;N1730;Hart;appeals@hart.gov.uk;hart.gov.uk;TRUE\n
237;E60000248;X1735;Havant;planning.development@havant.gov.uk;havant.gov.uk;TRUE\n
238;E60000249;B1740;New Forest;planning.appeals@nfdc.gov.uk;nfdc.gov.uk;TRUE\n
239;E60000250;P1750;Rushmoor;plan@rushmoor.gov.uk;rushmoor.gov.uk;TRUE\n
240;E60000251;C1760;Test Valley;planning@testvalley.gov.uk;testvalley.gov.uk;TRUE\n
241;E60000252;L1765;Winchester;appeals@winchester.gov.uk;winchester.gov.uk;TRUE\n
242;E60000253;E2205;Ashford;planning.appeals@ashford.gov.uk;ashford.gov.uk;TRUE\n
243;E60000254;J2210;Canterbury;planning@canterbury.gov.uk;canterbury.gov.uk;TRUE\n
244;E60000255;T2215;Dartford;dc.appeals@dartford.gov.uk;dartford.gov.uk;TRUE\n
245;E60000256;X2220;Dover;planningappeals@dover.gov.uk;dover.gov.uk;TRUE\n
246;E60000257;L2250;Folkestone and Hythe;planning@folkestone-hythe.gov.uk;folkestone-hythe.gov.uk;TRUE\n
247;E60000258;K2230;Gravesham;planning.appeals@gravesham.gov.uk;gravesham.gov.uk;TRUE\n
248;E60000259;U2235;Maidstone;planningappeals@maidstone.gov.uk;maidstone.gov.uk;TRUE\n
249;E60000260;G2245;Sevenoaks;appeals@sevenoaks.gov.uk;sevenoaks.gov.uk;TRUE\n
250;E60000261;V2255;Swale;appeals@swale.gov.uk;swale.gov.uk;TRUE\n
251;E60000262;Z2260;Thanet;planning.services@thanet.gov.uk;thanet.gov.uk;TRUE\n
252;E60000263;H2265;Tonbridge and Malling;planning.appeals@tmbc.gov.uk;tmbc.gov.uk;TRUE\n
253;E60000264;M2270;Tunbridge Wells;planningappeals@tunbridgewells.gov.uk;tunbridgewells.gov.uk;TRUE\n
254;E60000265;C3105;Cherwell;submit.appeal@cherwell-dc.gov.uk;cherwell-dc.gov.uk;TRUE\n
255;E60000266;G3110;Oxford City;planningappeals@oxford.gov.uk;oxford.gov.uk;TRUE\n
256;E60000267;Q3115;South Oxfordshire;registration@southoxon.gov.uk;southoxon.gov.uk;TRUE\n
257;E60000268;V3120;Vale of White Horse;registration@whitehorsedc.gov.uk;whitehorsedc.gov.uk;TRUE\n
258;E60000269;D3125;West Oxfordshire;Planning.Appeals@westoxon.gov.uk;westoxon.gov.uk;TRUE\n
259;E60000270;K3605;Elmbridge;tpappeals@elmbridge.gov.uk;elmbridge.gov.uk;TRUE\n
260;E60000271;P3610;Epsom and Ewell;PlanningAppeals@epsom-ewell.gov.uk;epsom-ewell.gov.uk;TRUE\n
261;E60000272;Y3615;Guildford;planningappeals@guildford.gov.uk;guildford.gov.uk;TRUE\n
262;E60000273;C3620;Mole Valley;appeals@molevalley.gov.uk;molevalley.gov.uk;TRUE\n
263;E60000274;L3625;Reigate and Banstead;planning.appeals@reigate-banstead.gov.uk;reigate-banstead.gov.uk;TRUE\n
264;E60000275;Q3630;Runnymede;planning@runnymede.gov.uk;runnymede.gov.uk;TRUE\n
265;E60000276;Z3635;Spelthorne;planningdm.appeals@spelthorne.gov.uk;spelthorne.gov.uk;TRUE\n
266;E60000277;D3640;Surrey Heath;planning.appeals@surreyheath.gov.uk;surreyheath.gov.uk;TRUE\n
267;E60000278;M3645;Tandridge;PlanningAppealsLegal@tandridge.gov.uk;tandridge.gov.uk;TRUE\n
268;E60000279;R3650;Waverley;planconsult@waverley.gov.uk;waverley.gov.uk;TRUE\n
269;E60000280;A3655;Woking;developmentcontrol@woking.gov.uk;woking.gov.uk;TRUE\n
270;E60000281;Y3805;Adur;planning@adur-worthing.gov.uk;adur-worthing.gov.uk;TRUE\n
271;E60000282;C3810;Arun;planning@arun.gov.uk;arun.gov.uk;TRUE\n
272;E60000283;L3815;Chichester;planningappeals@chichester.gov.uk;chichester.gov.uk;TRUE\n
273;E60000284;Q3820;Crawley;planningappeals@crawley.gov.uk;crawley.gov.uk;TRUE\n
274;E60000285;Z3825;Horsham;planning@horsham.gov.uk;horsham.gov.uk;TRUE\n
275;E60000286;D3830;Mid Sussex;planningappeals@midsussex.gov.uk;midsussex.gov.uk;TRUE\n
324;P3800;P3800;West Sussex County Council;planning.applications@westsussex.gov.uk;westsussex.gov.uk;TRUE\n
276;E60000287;M3835;Worthing;planning-worthing@adur-worthing.gov.uk;adur-worthing.gov.uk;TRUE\n
277;E60000288;F0114;Bath and North East Somerset;Planning_appeals@bathnes.gov.uk;bathnes.gov.uk;TRUE\n
278;E60000289;V1260;Bournemouth Christchurch and Poole;planning.appeals@bcpcouncil.gov.uk;bcpcouncil.gov.uk;TRUE\n
279;E60000290;Z0116;Bristol City of;development.management@bristol.gov.uk;bristol.gov.uk;TRUE\n
280;E60000291;D0840;Cornwall;planningappeals@cornwall.gov.uk;cornwall.gov.uk;TRUE\n
281;E60000292;D1265;Dorset;Appeals@dorsetcouncil.gov.uk;dorsetcouncil.gov.uk;TRUE\n
282;E60000293;Z0835;Isles of Scilly;planning@scilly.gov.uk;scilly.gov.uk;TRUE\n
283;E60000294;D0121;North Somerset;DMAppeals@n-somerset.gov.uk;n-somerset.gov.uk;TRUE\n
284;E60000295;N1160;Plymouth City;planningconsents@plymouth.gov.uk;plymouth.gov.uk;TRUE\n
285;E60000296;P0119;South Gloucestershire;PlanningSupport@southglos.gov.uk;southglos.gov.uk;TRUE\n
286;E60000297;U3935;Swindon;appeals@swindon.gov.uk;swindon.gov.uk;TRUE\n
287;E60000298;X1165;Torbay;planning@torbay.gov.uk;torbay.gov.uk;TRUE\n
288;E60000299;Y3940;Wiltshire;planningappeals@wiltshire.gov.uk;wiltshire.gov.uk;TRUE\n
289;E60000300;U1105;East Devon;planningappeals@eastdevon.gov.uk;eastdevon.gov.uk;TRUE\n
290;E60000301;Y1110;Exeter;planning@exeter.gov.uk;exeter.gov.uk;TRUE\n
291;E60000302;Y1138;Mid Devon;appeals@middevon.gov.uk;middevon.gov.uk;TRUE\n
292;E60000303;X1118;North Devon;planningappeals@northdevon.gov.uk;northdevon.gov.uk;TRUE\n
293;E60000304;K1128;South Hams;Dm.appeals@swdevon.gov.uk;swdevon.gov.uk;TRUE\n
294;E60000305;P1133;Teignbridge;planningappeals@teignbridge.gov.uk;teignbridge.gov.uk;TRUE\n
295;E60000306;W1145;Torridge;planningsupport@torridge.gov.uk;torridge.gov.uk;TRUE\n
296;E60000307;Q1153;West Devon;dc@westdevon.gov.uk;westdevon.gov.uk;TRUE\n
297;E60000308;B1605;Cheltenham;planningappeals@cheltenham.gov.uk;cheltenham.gov.uk;TRUE\n
298;E60000309;F1610;Cotswold;planning@cotswold.gov.uk;cotswold.gov.uk;TRUE\n
299;E60000310;P1615;Forest of Dean;planning.appeals@fdean.gov.uk;fdean.gov.uk;TRUE\n
300;E60000311;U1620;Gloucester City;Development.Control@gloucester.gov.uk;gloucester.gov.uk;TRUE\n
301;E60000312;C1625;Stroud;planning.appeals@stroud.gov.uk;stroud.gov.uk;TRUE\n
302;E60000313;G1630;Tewkesbury;appealsadmin@tewkesbury.gov.uk;tewkesbury.gov.uk;TRUE\n
303;E60000314;Q3305;Mendip;appeals@mendip.gov.uk;mendip.gov.uk;FALSE\n
304;E60000315;V3310;Sedgemoor;development.control@sedgemoor.gov.uk;sedgemoor.gov.uk;FALSE\n
305;E60000316;W3330;Somerset West and Taunton;planningappealswest@somerset.gov.uk;somerset.gov.uk;TRUE\n
306;E60000317;R3325;South Somerset;planningappeals@southsomerset.gov.uk;southsomerset.gov.uk;FALSE\n
307;E60000318;J9497;Dartmoor National Park;planning@dartmoor.gov.uk;dartmoor.gov.uk;TRUE\n
308;E60000319;F9498;Exmoor National Park;plan@exmoor-nationalpark.gov.uk;exmoor-nationalpark.gov.uk;TRUE\n
309;E60000320;Q9495;Lake District National Park;appeals@lake-district.gov.uk;lake-district.gov.uk;TRUE\n
310;E60000321;B9506;New Forest National Park;appeals@newforestnpa.gov.uk;newforestnpa.gov.uk;TRUE\n
311;E60000322;W9500;North York Moors National Park;planning@northyorkmoors.org.uk;northyorkmoors.org.uk;TRUE\n
312;E60000323;T9501;Northumberland National Park;planning@nnpa.org.uk;nnpa.org.uk;TRUE\n
313;E60000324;M9496;Peak District National Park;legal@peakdistrict.gov.uk;peakdistrict.gov.uk;TRUE\n
314;E60000325;Y9507;South Downs National Park;planning@southdowns.gov.uk;southdowns.gov.uk;TRUE\n
;E60000326;E9505;Broads Authority;planning@broads-authority.gov.uk;broads-authority.gov.uk;TRUE\n
316;E60000327;C9499;Yorkshire Dales National Park;planning@yorkshiredales.org.uk;yorkshiredales.org.uk;TRUE\n
317;E60000328;J2285;Ebbsfleet Development Corporation;EDCplanning@ebbsfleetdc.org.uk;ebbsfleetdc.org.uk;TRUE\n
318;E60000329;M9584;London Legacy Development Corporation;planningenquiries@londonlegacy.co.uk;londonlegacy.co.uk;TRUE\n
319;E60000330;F5730;Old Oak and Park Royal Development Corporation;planningapplications@opdc.london.gov.uk;opdc.london.gov.uk;TRUE\n
320;E60000331;P0430;Buckinghamshire Council Minerals and Waste Applications;mineralsandwaste@buckinghamshire.gov.uk;buckinghamshire.gov.uk;TRUE\n
;J0405;J0405;Buckinghamshire Council North and Central Area (formerly Aylesbury);devcontrol.av@buckinghamshire.gov.uk;buckinghamshire.gov.uk;TRUE\n
;X0415;X0415;Buckinghamshire Council South and East Area (formerly Chiltern/South Bucks);planning.appeals.csb@buckinghamshire.gov.uk;buckinghamshire.gov.uk;TRUE\n
;K0425;K0425;Buckinghamshire Council West Area (formerly Wycombe);planning.wyc@buckinghamshire.gov.uk;wycombe.gov.uk;FALSE\n
321;E60000332;M2840;North Northamptonshire;planningappeals@northnorthants.gov.uk;northnorthants.gov.uk;TRUE\n
;U2805;U2805;North Northamptonshire Council - Corby Area;planningservices.cbc@northnorthants.gov.uk;northnorthants.gov.uk;TRUE\n
;H2835;H2835;North Northamptonshire County Wellingborough;planningappeals.bcw@northnorthants.gov.uk;northnorthants.gov.uk;TRUE\n
322;E60000333;W2845;West Northamptonshire;planningappeals@westnorthants.gov.uk;westnorthants.gov.uk;TRUE\n
323;E69999999;Q9999;System Test Borough Council;appealplanningdecisiontest@planninginspectorate.gov.uk;planninginspectorate.gov.uk;TRUE\n
325;E69999991;Q1111;System Test Borough Council 2;appealplanningdecisiontest@planninginspectorate.gov.uk;planninginspectorate.gov.uk;TRUE\n
326;E10000025;U3100;Oxfordshire County Council;planning@oxfordshire.gov.uk;oxfordshire.gov.uk;TRUE\n
;;Q2908;Alnwick District Council;;;FALSE\n
;;W0205;Bedford Borough Council Pre 010409;;;FALSE\n
;;X0225;Bedfordshire County Council;;;FALSE\n
;;V2913;BerwickUponTweed Borough Council;;;FALSE\n
;;X9507;Black Country Urban Development Corp;;;FALSE\n
;;N2915;Blyth Valley Borough Council;;;FALSE\n
;;J3205;Bridgnorth District Council;;;FALSE\n
;E0535;E0535;Cambridgeshire County Council;planningdc@cambridgeshire.gov.uk;cambridgeshire.gov.uk;TRUE\n
;;K0805;Caradon District Council;;;FALSE\n
;;P0810;Carrick District Council;;;FALSE\n
;;T2920;Castle Morpeth Borough Council;;;FALSE\n
;;Z0645;Cheshire County Council;;;FALSE\n
;;X0605;Chester City Council;;;FALSE\n
;;G1305;ChesterleStreet District Council;;;FALSE\n
;;B0610;Congleton Borough Council;;;FALSE\n
;;B0800;Cornwall County Council Pre 010409;;;FALSE\n
;;K0615;Crewe and Nantwich Borough Council;;;FALSE\n
;H0900;H0900;Cumbria County Council;developmentcontrol@cumbria.gov.uk;cumbria.gov.uk;TRUE\n
;;R6830;Denbighshire County Council;;;FALSE\n
;U1050;U1050;Derbyshire County Council;planningcontrol@derbyshire.gov.uk;derbyshire.gov.uk;TRUE\n
;;V1315;Derwentside District Council;;;FALSE\n
;J1155;J1155;Devon County Council;planning@devon.gov.uk;devon.gov.uk;TRUE\n
;;J1345;Durham County Council Pre 010409;;;FALSE\n
;;H1325;Easington District Council;;;FALSE\n
;G2815;G2815;East Northamptonshire District Council;appeals@east-northamptonshire.gov.uk;east-northamptonshire.gov.uk;TRUE\n
;G1440;G1440;East Sussex County Council;development.control@eastsussex.gov.uk;eastsussex.gov.uk;TRUE\n
;;P0620;Ellesmere Port and Neston Borough Council;;;FALSE\n
;Z1585;Z1585;Essex County Council;mineralsandwastedm@essex.gov.uk;essex.gov.uk;TRUE\n
;T1600;T1600;Gloucestershire County Council;planningdc@gloucestershire.gov.uk;gloucestershire.gov.uk;TRUE\n
;Q1770;Q1770;Hampshire County Council;planning@hants.gov.uk;hants.gov.uk;TRUE\n
;M1900;M1900;Hertfordshire County Council;spatialplanning@hertfordshire.gov.uk;hertfordshire.gov.uk;TRUE\n
;;E3905;Kennet District Council;;;FALSE\n
;W2275;W2275;Kent County Council;planning.applications@kent.gov.uk;kent.gov.uk;TRUE\n
;;Y0815;Kerrier District Council;;;FALSE\n
;;L2820;Kettering Borough Council;;;FALSE\n
;Q2371;Q2371;Lancashire County Council;devcon@lancashire.gov.uk;lancashire.gov.uk;TRUE\n
;M2460;M2460;Leicestershire County Council;planningcontrol@leics.gov.uk;leics.gov.uk;TRUE\n
;;W5000;LONDON DEVELOPMENT AGENCY;;;FALSE\n
;;A9580;London Thames Gateway Development Corporation;;;FALSE\n
;;C0630;Macclesfield Borough Council;;;FALSE\n
;;J0215;Mid Bedfordshire District Council;;;FALSE\n
;;W9575;Milton Keynes Partnership;;;FALSE\n
;X2600;X2600;Norfolk County Council;mawp@norfolk.gov.uk;norfolk.gov.uk;TRUE\n
;;C0820;North Cornwall District Council;;;FALSE\n
;;N3210;North Shropshire District Council;;;FALSE\n
;;J3910;North Wiltshire District Council;;;FALSE\n
;;P2745;North Yorkshire County Council;;;FALSE\n
;;V2825;Northampton Borough Council;planning@northampton.gov.uk;northampton.gov.uk;FALSE\n
;;K2800;Northamptonshire County Council;;;FALSE\n
;;R2900;Northumberland County Council Pre 010409;;;FALSE\n
;L3055;L3055;Nottinghamshire County Council;development.management@nottscc.gov.uk;nottscc.gov.uk;TRUE\n
;;U9582;Olympic Delivery Authority;;;FALSE\n
;;X3215;Oswestry Borough Council;;;FALSE\n
;;L0825;Penwith District Council;;;FALSE\n
;;Q0830;Restormel Borough Council;;;FALSE\n
;;T3915;Salisbury District Council;;;FALSE\n
;;M1330;Sedgefield Borough Council;;;FALSE\n
;;Y9540;Sheffield Urban District Council;;;FALSE\n
;;B3220;Shrewsbury and Atcham Borough Council;;;FALSE\n
;;Y3235;Shropshire County Council Pre 010409;;;FALSE\n
;G3300;G3300;Somerset County Council;planning@somerset.gov.uk;somerset.gov.uk;TRUE\n
;;N0220;South Bedfordshire District Council;;;FALSE\n
;;N0410;South Bucks District Council;;;FALSE\n
;;Z2830;South Northamptonshire District Council;appeals@southnorthants.gov.uk;southnorthants.gov.uk;FALSE\n
;;K3225;South Shropshire District Council;;;FALSE\n
;D3450;D3450;Staffordshire County Council;planning@staffordshire.gov.uk;staffordshire.gov.uk;TRUE\n
;V3500;V3500;Suffolk County Council;planning@suffolk.gov.uk;suffolk.gov.uk;TRUE\n
;B3600;B3600;Surrey County Council;mwcd@surreycc.gov.uk;surreycc.gov.uk;TRUE\n
;;W1335;Teesdale District Council;;;FALSE\n
;;M9565;Thurrock Thames Gateway Development Corporation;;;FALSE\n
;;R2928;Tynedale District Council;;;FALSE\n
;;L0635;Vale Royal Borough Council;;;FALSE\n
;;F2930;Wansbeck District Council;;;FALSE\n
;H3700;H3700;Warwickshire County Council;planningstrategy@warwickshire.gov.uk;warwickshire.gov.uk;TRUE\n
;;A1340;Wear Valley District Council;;;FALSE\n
;;F3925;West Wiltshire District Council;;;FALSE\n
;;K3930;Wiltshire County Council Pre 010409;;;FALSE\n
;E1855;E1855;Worcestershire County Council;devcontrolteam@worcestershire.gov.uk;worcestershire.gov.uk;TRUE\n
;K0940;K0940;West Morland and Furness Council;appeals4@westmorlandandfurness.gov.uk;westmorlandandfurness.gov.uk;TRUE\n
;E3335;E3335;Somerset Council;planningappeals@somerset.gov.uk;somerset.gov.uk;TRUE\n
;F0935;F0935;Cumberland;planning.appeals@cumberland.gov.uk;cumberland.gov.uk;TRUE\n
;U2750;U2750;North Yorkshire  ;NYCplanningappeals@northyorks.gov.uk;northyorks.gov.uk;TRUE\n
;F0745;F0745;Hartlepool Development Corporation;HDCplanning@teesvalley-ca.gov.uk;teesvalley-ca.gov.uk;TRUE\n
;K0750;K0750;Middlesborough Development Corporation;MDCplanning@teesvalley-ca.gov.uk;teesvalley-ca.gov.uk;TRUE\n
